name,burst,rd_out,wr_out,rbr_ctrl,threshold,nominal,r_delta_q8,w_delta_q8,base_mean,cpu_mean,p95,p99,target,slowdown_percent,violations,violation_percent,dma_cycles,dma_MiB_per_s,r_wait,w_wait,r_windows,w_windows,stall_ar,stall_r,stall_aw,stall_w,stall_b,errors,base_mean_calc,cpu_mean_calc,cpu_sd,p95_calc,p99_calc,target_calc,slowdown_calc,violations_calc,violation_percent_calc,dma_cycles_calc,throughput_calc,all_overlap,all_checks_ok,group,throughput_percent_of_max,theoretical_utilization_percent,excess_latency_reduction_percent,p99_margin_to_target,target_met,pareto_mean
RAW_B1_O1,1,1,1,0,256,32,0,0,106.37,109.08,109.14,109.15,159.55,2.54,0,0.0,33750265,23.7,0,0,0,0,0,0,0,0,0,0,106.37549999999999,109.0813,0.03994073892985272,109.14,109.15,159.56324999999998,2.5436308172464672,0,0.0,33750265.03,23.703517566125612,1,1,Burst/Outstanding,3.2283150340641926,3.106867454427216,97.34687774242416,50.41324999999998,1,0
RAW_B1_O2,1,2,2,0,256,32,0,0,106.36,110.52,110.84,110.9,159.54,3.91,0,0.0,17201930,46.5,0,0,0,0,524116,0,523672,0,0,0,106.36319999999999,110.5211,0.17006175348972558,110.84,110.9,159.54479999999998,3.909152789686665,0,0.0,17201930.86,46.50640713015864,1,1,Burst/Outstanding,6.333968488000305,6.095687795364153,95.92304788425805,48.644799999999975,1,0
RAW_B1_O4,1,4,4,0,256,32,0,0,106.37,113.66,113.92,114.03,159.55,6.85,0,0.0,8939847,89.48,0,0,0,0,780820,0,780785,0,0,0,106.37549999999999,113.66950000000001,0.1587983601676016,113.92,114.03,159.56324999999998,6.856842035995148,0,0.0,8939847.83,89.48698179351449,1,1,Burst/Outstanding,12.187734072426599,11.729237677639532,92.84800290237335,45.53324999999998,1,0
RAW_B2_O1,2,1,1,0,256,32,0,0,106.37,107.67,107.71,107.72,159.55,1.22,0,0.0,17227111,46.43,0,0,0,0,0,0,0,0,0,0,106.37440000000001,107.67299999999999,0.021248885888797385,107.71,107.72,159.5616,1.2207824438962511,0,0.0,17227111.56,46.43842917100144,1,1,Burst/Outstanding,6.324710188386335,6.0867777883015,98.72668173416811,51.8416,1,1
RAW_B2_O2,2,2,2,0,256,32,0,0,106.38,111.73,112.05,112.11,159.57,5.02,0,0.0,8803105,90.87,0,0,0,0,1,0,1,0,0,0,106.3818,111.73129999999999,0.23952248370877408,112.05,112.11,159.5727,5.028585716729728,0,0.0,8803105.13,90.87702443467239,1,1,Burst/Outstanding,12.37705177786511,11.911433346701381,94.75464649386434,47.4627,1,1
RAW_B2_O4,2,4,4,0,256,32,0,0,106.38,115.2,115.4,115.46,159.57,8.29,0,0.0,4087960,195.69,0,0,0,0,3,0,84,0,0,0,106.3874,115.20559999999999,0.1314358928884868,115.4,115.46,159.5811,8.288763518988151,0,0.0,4087960.9,195.69658799818757,1,1,Burst/Outstanding,26.653016177331835,25.65034318209844,91.35347671972977,44.1211,1,1
RAW_B4_O1,4,1,1,0,256,32,0,0,106.38,114.51,114.54,114.55,159.57,7.64,0,0.0,9223833,86.73,0,0,0,0,0,0,0,0,0,0,106.38069999999999,114.5102,0.01825631203975614,114.54,114.55,159.57104999999999,7.641893689362833,0,0.0,9223833.03,86.73183885680118,1,1,Burst/Outstanding,11.812495699523739,11.368115582638644,92.02876879556406,45.02104999999999,1,0
RAW_B4_O2,4,2,2,0,256,32,0,0,106.36,116.42,117.17,117.3,159.54,9.45,0,0.0,4670739,171.27,0,0,0,0,1,0,1,0,0,0,106.366,116.4282,0.4430572847564489,117.17,117.3,159.549,9.459977812458863,0,0.0,4670739.3,171.27909493899605,1,1,Burst/Outstanding,23.32746081546448,22.44989353184409,90.13369547631771,42.24900000000001,1,0
RAW_B4_O4,4,4,4,0,256,32,0,0,106.37,119.44,119.68,119.81,159.55,12.28,0,0.0,2334535,342.68,0,0,0,0,3,0,3,0,0,0,106.3732,119.44149999999999,0.15194612947563538,119.68,119.81,159.5598,12.285331267650124,0,0.0,2334535.76,342.68055075755194,1,1,Burst/Outstanding,46.67158664556075,44.915825148893845,87.18611959543269,39.74979999999999,1,1
RAW_B8_O1,8,1,1,0,256,32,0,0,106.37,113.47,113.59,113.63,159.55,6.67,0,0.0,5294512,151.09,0,0,0,0,0,0,0,0,0,0,106.3783,113.4786,0.07438665026316031,113.59,113.63,159.56745,6.674575547832595,0,0.0,5294512.95,151.09982873873224,1,1,Burst/Outstanding,20.57913334596717,19.80495675244311,93.03793186286285,45.93745000000001,1,1
RAW_B8_O2,8,2,2,0,256,32,0,0,106.35,122.49,123.12,123.28,159.52,15.17,0,0.0,2540314,314.92,0,0,0,0,1,0,1,0,0,0,106.3576,122.49889999999999,0.36448634121087825,123.12,123.28,159.53640000000001,15.176442492120913,0,0.0,2540314.9,314.92158708355413,1,1,Burst/Outstanding,42.89093765501277,41.27740226221561,84.17294615411015,36.25640000000001,1,0
RAW_B8_O4,8,4,4,0,256,32,0,0,106.37,143.33,143.58,143.63,159.55,34.74,0,0.0,1364263,586.39,0,0,0,0,3,0,3,0,0,0,106.3707,143.3367,0.16582243758936946,143.58,143.63,159.55605,34.75205108173587,0,0.0,1364263.92,586.396802167135,1,1,Burst/Outstanding,79.86467017320227,76.86020165365072,63.753670864975895,15.926050000000004,1,1
RAW_B16_O1,16,1,1,0,256,32,0,0,106.35,120.1,120.32,120.35,159.52,12.92,0,0.0,3357772,238.25,0,0,0,0,0,0,0,626,0,0,106.355,120.1073,0.13356687879527276,120.32,120.35,159.5325,12.930562738000084,0,0.0,3357772.32,238.2531999668161,1,1,Burst/Outstanding,32.449039903932494,31.22832342605052,86.51543601786528,39.182500000000005,1,0
RAW_B16_O2,16,2,2,0,256,32,0,0,106.36,133.86,134.15,134.26,159.54,25.85,0,0.0,1642304,487.12,0,0,0,0,1,0,1,23,0,0,106.3609,133.865,0.16401219466856568,134.15,134.26,159.54135,25.859220822689544,0,0.0,1642304.84,487.12028395410437,1,1,Burst/Outstanding,66.34364421650245,63.84782985843237,73.03136230150365,25.281350000000003,1,1
RAW_B16_O4,16,4,4,0,256,32,0,0,106.35,208.34,208.94,209.18,159.52,95.9,100,100.0,1089564,734.23,0,0,0,0,3,0,3,0,0,0,106.3545,208.34,0.3976013942214852,208.94,209.18,159.53175,95.8920402991881,100,100.0,1089564.88,734.2380565717207,1,1,Burst/Outstanding,100.0,96.23805055096857,0.0,-49.64825000000002,0,1
RBR100_T256,16,4,4,3,256,32,0,0,106.34,208.34,208.93,209.29,159.51,95.91,100,100.0,1089583,734.22,0,0,32768,32768,3,0,3,0,0,0,106.34729999999999,208.34810000000002,0.3982276263950582,208.93,209.29,159.52094999999997,95.91291927486645,100,100.0,1089583.32,734.2256303997018,1,1,RBR ratio,99.99830760992192,96.23642182774972,-0.01500213265612782,-49.76905000000002,0,1
RBR80_T256,16,4,4,3,256,32,64,64,106.35,151.15,151.39,151.49,159.52,42.12,0,0.0,1313907,608.87,260235,260235,32768,32768,3,252070,3,0,0,0,106.35959999999999,151.1532,0.16516829494962276,151.39,151.49,159.53939999999997,42.115239244976486,0,0.0,1313907.21,608.8710023898872,1,1,RBR ratio,82.92555758180214,79.8059400252473,56.078462134323004,8.049399999999963,1,1
RBR67_T256,16,4,4,3,256,32,128,128,106.36,136.76,149.19,150.31,159.54,28.58,0,0.0,1572888,508.61,524287,524287,32768,32768,3,521901,3,0,0,0,106.36120000000001,136.7612,4.86231255617524,149.19,150.31,159.54180000000002,28.58185127659334,0,0.0,1572888.42,508.61840536660577,1,1,RBR ratio,69.27159397613214,66.66563162821176,70.19184099700449,9.231800000000021,1,1
RBR50_T256,16,4,4,3,256,32,256,256,106.36,128.32,133.9,133.91,159.54,20.64,0,0.0,2097160,381.46,1048561,1048560,32768,32768,3,1048543,3,0,0,0,106.3674,128.3282,4.656454709824468,133.9,133.91,159.55110000000002,20.64617542592937,0,0.0,2097160.06,381.4682604626754,1,1,RBR ratio,51.954302429352964,49.99980783536379,78.4667428212834,25.641100000000023,1,0
RBR33_T256,16,4,4,3,256,32,512,512,106.36,120.23,122.84,122.97,159.54,13.04,0,0.0,3145704,254.31,2097105,2097104,32768,32768,3,2097087,3,0,0,0,106.36959999999999,120.2394,1.570108289387722,122.84,122.97,159.5544,13.039251816308429,0,0.0,3145704.7,254.31503472020114,1,1,RBR ratio,34.636591285888976,33.3335802308462,86.40022356119252,36.58439999999999,1,0
RBR25_T256,16,4,4,3,256,32,768,768,106.37,117.32,120.69,120.8,159.55,10.29,0,0.0,4194248,190.73,3145650,3145649,32768,32768,3,3145631,3,0,0,0,106.37450000000001,117.322,2.6518154635127336,120.69,120.8,159.56175000000002,10.291470230177335,0,0.0,4194248.43,190.73739034575974,1,1,RBR ratio,25.977595227948857,25.00033122739942,89.2656308985101,38.76175000000002,1,0
RBR50_T512,16,4,4,3,512,64,256,256,106.36,131.58,139.32,139.53,159.54,23.71,0,0.0,2097128,381.47,1048529,1048528,16384,16384,3,1039127,3,0,0,0,106.3681,131.5856,5.4005189275539704,139.32,139.53,159.55214999999998,23.707765768120325,0,0.0,2097128.03,381.47408672993606,1,1,Threshold,51.95509594137654,50.000571495866176,75.2734457349329,20.022149999999982,1,0
RBR50_T1536,16,4,4,3,1536,192,256,256,106.36,137.99,139.5,139.78,159.54,29.73,0,0.0,2097128,381.47,1029786,1029786,5461,5461,3,1026742,3,0,0,0,106.3617,137.9943,1.0822528457907705,139.5,139.78,159.54255,29.74059271335454,0,0.0,2097128.51,381.47399941646876,1,1,Threshold,51.9550840496656,50.0005600515154,68.98323781321854,19.762550000000005,1,0
RBR50_R_ONLY,16,4,4,1,256,32,256,256,106.36,127.95,133.89,133.9,159.54,20.29,0,0.0,2097160,381.46,1048561,0,32768,0,3,1048543,3,0,0,0,106.36489999999999,127.95190000000001,4.498404362446847,133.89,133.9,159.54735,20.295228971211387,0,0.0,2097160.43,381.4681931605966,1,1,Channel,51.95429326310528,49.999799013945726,78.8332655132347,25.64734999999999,1,0
RBR50_W_ONLY,16,4,4,2,256,32,256,256,106.36,123.97,128.05,128.13,159.54,16.55,0,0.0,2097161,381.46,0,1048560,0,32768,3,1048414,3,0,0,0,106.3651,123.97139999999999,2.187009405881498,128.05,128.13,159.54765,16.55270384740859,0,0.0,2097161.25,381.468044004723,1,1,Channel,51.95427294873009,49.99977946378706,82.7364674389987,31.41765000000001,1,1
